<configuration>

  <appender name="DEBUG_FILE" class="ch.qos.logback.core.FileAppender">
    <file>debug.log</file>
    <filter class="ch.qos.logback.classic.filter.ThresholdFilter">
      <level>DEBUG</level>
    </filter>
    <encoder>
      <pattern>%date %level [%file:%line] %msg%n</pattern>
    </encoder>
  </appender>

  <appender name="STDOUT" class="ch.qos.logback.core.ConsoleAppender">
    <filter class="ch.qos.logback.classic.filter.ThresholdFilter">
      <level>INFO</level>
    </filter>
    <encoder>
      <pattern>%date %level %msg%n</pattern>
    </encoder>
  </appender>

  <logger name="org.springframework" level="INFO"/>
  <logger name="org.hibernate" level="INFO"/>
  <logger name="org.apache" level="INFO"/>

  <root level="DEBUG">
    <appender-ref ref="DEBUG_FILE" />
    <appender-ref ref="STDOUT" />
  </root>

</configuration>